GEOID,NAMELSAD,tract_area_sq_mile,transit_stop_count,transit_stops_per_sq_mile,has_transit_access,large_tract_flag
06073008331,Census Tract 83.31,0.36840345730769175,0,0.0,0,0
06073008336,Census Tract 83.36,0.3198919877938447,0,0.0,0,0
06073008337,Census Tract 83.37,0.6071503968242674,0,0.0,0,0
06073011601,Census Tract 116.01,0.28330019374910725,10,35.29824624425098,1,0
06073011602,Census Tract 116.02,0.3937171430795924,13,33.01862829318552,1,0
06073011700,Census Tract 117,0.6296590211261099,34,53.997479364613724,1,0
06073011801,Census Tract 118.01,0.2516943762601628,14,55.62301473724213,1,0
06073013307,Census Tract 133.07,0.5051382907925305,12,23.755870855034072,1,0
06073013308,Census Tract 133.08,0.6212951739343063,3,4.828622731772917,1,0
06073013309,Census Tract 133.09,0.9757768107404379,14,14.347543255692392,1,0
06073013312,Census Tract 133.12,0.34160209267361147,4,11.709530139857359,1,0
06073008343,Census Tract 83.43,0.2957861740652942,5,16.904103161009342,1,0
06073008344,Census Tract 83.44,0.7870354283763796,3,3.811772496936855,1,0
06073008345,Census Tract 83.45,0.7383220299851507,2,2.708845082192962,1,0
06073013401,Census Tract 134.01,0.8687766196664825,2,2.302087734322071,1,0
06073013409,Census Tract 134.09,1.0530269965130443,4,3.798573078606205,1,0
06073015601,Census Tract 156.01,0.6266620377352354,4,6.383025872216627,1,0
06073015701,Census Tract 157.01,0.3711723695598311,11,29.63582664583781,1,0
06073008348,Census Tract 83.48,0.7715146001120723,4,5.184607004739702,1,0
06073008349,Census Tract 83.49,0.37057669609898886,8,21.587973783065493,1,0
06073008351,Census Tract 83.51,0.40912870221948744,4,9.776874558788835,1,0
06073008352,Census Tract 83.52,0.26871543830414174,5,18.60704405952598,1,0
06073008353,Census Tract 83.53,0.7547151309482859,0,0.0,0,0
06073015801,Census Tract 158.01,0.24222323832045364,3,12.385269145940057,1,0
06073015901,Census Tract 159.01,0.1499886071124734,5,33.3358652784248,1,0
06073015902,Census Tract 159.02,0.42739349492878764,5,11.698821014655595,1,0
06073016000,Census Tract 160,0.72004851786356,17,23.609520161836212,1,0
06073008355,Census Tract 83.55,0.3452679692369147,0,0.0,0,0
06073008356,Census Tract 83.56,0.23389941600021305,3,12.826026038462906,1,0
06073008357,Census Tract 83.57,0.35288362966774206,7,19.83656767130529,1,0
06073008358,Census Tract 83.58,0.72766931112175,26,35.73051604982391,1,0
06073008359,Census Tract 83.59,0.4299640622184596,16,37.21241239894741,1,0
06073016401,Census Tract 164.01,0.9059633091236341,11,12.141772066509663,1,0
06073016100,Census Tract 161,1.0937544173211362,5,4.571410108903775,1,0
06073016202,Census Tract 162.02,2.582465654241712,25,9.680670857688806,1,0
06073016301,Census Tract 163.01,0.41195650937208733,7,16.992084942824537,1,0
06073016302,Census Tract 163.02,0.4597942940746201,6,13.049313741649563,1,0
06073003209,Census Tract 32.09,0.5084141735288776,6,11.801401912842627,1,0
06073003211,Census Tract 32.11,0.33118547104694596,1,3.019456127827083,1,0
06073003212,Census Tract 32.12,0.4856318325616578,9,18.532557786679526,1,0
06073003213,Census Tract 32.13,0.46219689989982016,2,4.3271601355039255,1,0
06073008360,Census Tract 83.60,1.0756300779206271,16,14.875002408756249,1,0
06073008502,Census Tract 85.02,1.227939425926469,15,12.215586276727484,1,0
06073008504,Census Tract 85.04,1.165099331282937,17,14.59103060447269,1,0
06073008505,Census Tract 85.05,1.1400911537172258,8,7.016982785908207,1,0
06073016502,Census Tract 165.02,0.8119496779549065,8,9.852827357663289,1,0
06073017104,Census Tract 171.04,0.8474855460396866,6,7.079766761849916,1,0
06073017107,Census Tract 171.07,0.7288445822688211,6,8.232207724344459,1,0
06073003214,Census Tract 32.14,0.47961758069945803,4,8.339977851034016,1,0
06073003301,Census Tract 33.01,0.5888310321560444,19,32.26732111999978,1,0
06073003303,Census Tract 33.03,0.2404552854144271,8,33.270218977353395,1,0
06073003403,Census Tract 34.03,0.5343131429845253,8,14.972493387144128,1,0
06073008506,Census Tract 85.06,0.4980461619644215,10,20.078460118149373,1,0
06073008507,Census Tract 85.07,0.8637728987769262,7,8.103981972474209,1,0
06073008509,Census Tract 85.09,0.753981988114323,9,11.936624669918997,1,0
06073008510,Census Tract 85.10,0.7836147436803226,10,12.76137295864806,1,0
06073008512,Census Tract 85.12,0.8034182889954756,2,2.4893632960492176,1,0
06073017108,Census Tract 171.08,0.8107122419949057,6,7.400899714103124,1,0
06073017303,Census Tract 173.03,1.3252469119735042,12,9.054916402053776,1,0
06073003404,Census Tract 34.04,0.6450622608696782,28,43.40666273399744,1,0
06073003501,Census Tract 35.01,0.45874524464071953,16,34.8777457356117,1,0
06073003502,Census Tract 35.02,0.3012154283535477,9,29.878947599710486,1,0
06073003602,Census Tract 36.02,0.2538315291175083,5,19.69810455534588,1,0
06073003603,Census Tract 36.03,0.26166392214604234,3,11.465088405751297,1,0
06073008513,Census Tract 85.13,0.5776205274824083,4,6.9249616481502585,1,0
06073008600,Census Tract 86,1.0311820366960538,6,5.818565283802099,1,0
06073008701,Census Tract 87.01,0.64978668164614,12,18.467599196708292,1,0
06073008702,Census Tract 87.02,1.0407694692490663,23,22.099034108480247,1,0
06073017305,Census Tract 173.05,1.623463847407162,0,0.0,0,0
06073018621,Census Tract 186.21,0.23204856997588047,12,51.71331157631052,1,0
06073009108,Census Tract 91.08,0.5994116479917717,18,30.029446475232813,1,0
06073017069,Census Tract 170.69,0.380011780382667,3,7.894492104900113,1,0
06073003800,Census Tract 38,1.2271059182028226,13,10.59403251761621,1,0
06073003901,Census Tract 39.01,0.24770668699426782,9,36.33329446696879,1,0
06073003902,Census Tract 39.02,0.45255782799621236,15,33.14493545811684,1,0
06073004000,Census Tract 40,0.33056405751680346,11,33.27645504666169,1,0
06073008800,Census Tract 88,0.5640969527923657,11,19.500193974720705,1,0
06073008901,Census Tract 89.01,0.5015825676828956,10,19.936897022151054,1,0
06073018201,Census Tract 182.01,0.3744268767839653,12,32.048981374068646,1,0
06073018101,Census Tract 181.01,0.483426580631647,3,6.205699314423689,1,0
06073017202,Census Tract 172.02,1.1844960500768031,5,4.221204452033249,1,0
06073018302,Census Tract 183.02,0.16001028428819578,0,0.0,0,0
06073017068,Census Tract 170.68,1.2566967729995573,2,1.5914738089334655,1,0
06073013325,Census Tract 133.25,0.3934213604892561,4,10.167216124273546,1,0
06073013318,Census Tract 133.18,0.6292420946999734,2,3.1784268993535987,1,0
06073013317,Census Tract 133.17,6.665388097810868,5,0.7501438665877781,1,0
06073015407,Census Tract 154.07,0.319192956858538,4,12.531604830405911,1,0
06073008367,Census Tract 83.67,0.718513032474238,0,0.0,0,0
06073010017,Census Tract 100.17,1.1148527883691972,9,8.072814719479842,1,0
06073007304,Census Tract 73.04,0.30604247761272846,4,13.070081092016483,1,0
06073005602,Census Tract 56.02,2.0618111223824607,10,4.8501047896399045,1,0
06073001301,Census Tract 13.01,0.13597359933427577,10,73.5436882524241,1,0
06073021306,Census Tract 213.06,14.626022054982124,4,0.27348516123954997,1,1
06073013319,Census Tract 133.19,2.959006383204357,5,1.6897564089014965,1,0
06073013324,Census Tract 133.24,0.15629485774027016,4,25.592652617190872,1,0
06073009000,Census Tract 90,0.4756182891422922,6,12.615158283379134,1,0
06073009101,Census Tract 91.01,1.073453830523495,19,17.69987628693281,1,0
06073008368,Census Tract 83.68,1.0202584173888056,0,0.0,0,0
06073017057,Census Tract 170.57,1.1532976299291655,5,4.3353943251466625,1,0
06073021502,Census Tract 215.02,4.131257878105494,0,0.0,0,0
06073008371,Census Tract 83.71,0.808893178804059,0,0.0,0,0
06073008373,Census Tract 83.73,1.204885041722149,0,0.0,0,0
06073017201,Census Tract 172.01,0.9536614596607947,6,6.291540817990195,1,0
06073007911,Census Tract 79.11,0.1387391648958084,5,36.038850340168516,1,0
06073007601,Census Tract 76.01,7.1039263981712235,22,3.096878932425806,1,0
06073008201,Census Tract 82.01,0.32359950931375636,10,30.902395436898445,1,0
06073020035,Census Tract 200.35,1.3125061410526397,6,4.571407182284081,1,0
06073020032,Census Tract 200.32,1.611279084791296,3,1.8618748473288729,1,0
06073020033,Census Tract 200.33,0.6353052643695478,0,0.0,0,0
06073020030,Census Tract 200.30,2.291452978545249,7,3.0548303044141094,1,0
06073008377,Census Tract 83.77,0.133488887127876,5,37.456301476318686,1,0
06073008379,Census Tract 83.79,0.0976388843120092,3,30.72546374468365,1,0
06073018202,Census Tract 182.02,0.23749362898990803,9,37.89575340727327,1,0
06073018616,Census Tract 186.16,1.4778654508064584,7,4.736561096397619,1,0
06073018102,Census Tract 181.02,0.6055981166887004,8,13.210080711186048,1,0
06073005102,Census Tract 51.02,0.08766220484408581,9,102.66682221839177,1,0
06073005101,Census Tract 51.01,0.08749866668949341,3,34.286236733710496,1,0
06073017901,Census Tract 179.01,0.6247515409887805,13,20.8082720042998,1,0
06073022102,Census Tract 221.02,2.369647500002934,19,8.018070198194659,1,0
06073017070,Census Tract 170.70,1.0107592029926031,0,0.0,0,0
06073008380,Census Tract 83.80,0.9409137919178372,0,0.0,0,0
06073018301,Census Tract 183.01,0.9520693790784551,0,0.0,0,0
06073017902,Census Tract 179.02,0.3110063622244989,1,3.2153683058038323,1,0
06073007912,Census Tract 79.12,0.15379749276487725,3,19.50616974352335,1,0
06073007602,Census Tract 76.02,0.3215518259742126,5,15.54959293063067,1,0
06073013327,Census Tract 133.27,0.6163060712988684,14,22.715985858284544,1,0
06073017606,Census Tract 176.06,0.7699852437037653,11,14.285988062690725,1,0
06073017605,Census Tract 176.05,1.1357809324728552,7,6.163160341809399,1,0
06073010018,Census Tract 100.18,1.3200403071718905,1,0.7575526251485774,1,0
06073013321,Census Tract 133.21,0.7496030405698553,0,0.0,0,0
06073020038,Census Tract 200.38,2.8745247483182927,3,1.0436507814918328,1,0
06073005103,Census Tract 51.03,1.0182438271479686,23,22.587910072994433,1,0
06073020712,Census Tract 207.12,2.3441339573196274,6,2.5595806849112965,1,0
06073005401,Census Tract 54.01,0.10115100944385935,3,29.658626409112156,1,0
06073000301,Census Tract 3.01,0.15513348974914365,7,45.12242979461912,1,0
06073000302,Census Tract 3.02,0.19188299759497734,10,52.115091620091285,1,0
06073001801,Census Tract 18.01,0.1212159213494257,3,24.749224083789994,1,0
06073015002,Census Tract 150.02,0.5341448172869914,12,22.465817530440447,1,0
06073015001,Census Tract 150.01,0.6629581129834015,1,1.5083909230703345,1,0
06073014701,Census Tract 147.01,0.4300699433617467,3,6.97560954050815,1,0
06073014702,Census Tract 147.02,0.5462533114877035,7,12.814567624195673,1,0
06073010201,Census Tract 102.01,3.061587712493937,11,3.5929070250414337,1,0
06073020711,Census Tract 207.11,39.19423835093529,12,0.3061674497296015,1,1
06073010202,Census Tract 102.02,0.34348994401872956,8,23.2903470372448,1,0
06073009307,Census Tract 93.07,1.7865990750613312,35,19.590293361591772,1,0
06073021002,Census Tract 210.02,433.7608290738823,7,0.016137925628152312,1,1
06073009203,Census Tract 92.03,0.5896014705690552,0,0.0,0,0
06073009204,Census Tract 92.04,0.7935431406778761,6,7.5610255982737895,1,0
06073009308,Census Tract 93.08,0.35868498818449596,7,19.515731716096873,1,0
06073007401,Census Tract 74.01,0.22884053199088752,4,17.479420997672218,1,0
06073007303,Census Tract 73.03,0.13953232473151303,5,35.83399050808448,1,0
06073021401,Census Tract 214.01,1.0387275601712982,17,16.366177862072423,1,0
06073021501,Census Tract 215.01,0.7123547936220057,0,0.0,0,0
06073005601,Census Tract 56.01,0.08956265990895217,4,44.66146945687332,1,0
06073005403,Census Tract 54.03,0.19940968499515063,9,45.13321406740534,1,0
06073005402,Census Tract 54.02,0.3059028592884137,23,75.18726713932072,1,0
06073005301,Census Tract 53.01,0.15372555912848235,15,97.57648685774592,1,0
06073005802,Census Tract 58.02,0.18449496407414923,10,54.202021449111,1,0
06073005801,Census Tract 58.01,0.12758723570793407,1,7.837774636713244,1,0
06073005201,Census Tract 52.01,0.19520617432912438,7,35.85952147291078,1,0
06073004102,Census Tract 41.02,0.1467471147491417,4,27.257776119399956,1,0
06073000902,Census Tract 9.02,0.10469382702707355,7,66.86163070712678,1,0
06073004101,Census Tract 41.01,0.4381265565095941,9,20.542009760147735,1,0
06073005202,Census Tract 52.02,0.09032875911220409,22,243.55476833986128,1,0
06073001202,Census Tract 12.02,0.14182518761510599,2,14.101867472424745,1,0
06073000901,Census Tract 9.01,0.13534000874349175,6,44.332788624033014,1,0
06073019109,Census Tract 191.09,34.58516001870618,8,0.23131308328985656,1,1
06073017111,Census Tract 171.11,9.001853711870533,7,0.7776176134443581,1,0
06073017059,Census Tract 170.59,0.826689006274587,0,0.0,0,0
06073021402,Census Tract 214.02,0.3050422279742929,14,45.89528503306052,1,0
06073020042,Census Tract 200.42,1.4409865547069909,4,2.7758760044873263,1,0
06073017112,Census Tract 171.12,5.3675227757114286,0,0.0,0,0
06073020031,Census Tract 200.31,1.7268790852328708,4,2.316317357830874,1,0
06073017113,Census Tract 171.13,3.4738715470248716,3,0.8635897900627012,1,0
06073013323,Census Tract 133.23,0.7638488271276447,4,5.236638269173608,1,0
06073020043,Census Tract 200.43,1.3882262134495553,0,0.0,0,0
06073016618,Census Tract 166.18,0.41534080044572824,0,0.0,0,0
06073020110,Census Tract 201.10,18.337382448951747,11,0.5998675127500988,1,1
06073001802,Census Tract 18.02,0.1684375111894645,10,59.36919828239236,1,0
06073005302,Census Tract 53.02,0.1827096823247985,24,131.35592867670687,1,0
06073001302,Census Tract 13.02,0.1697932556402055,3,17.668546307616868,1,0
06073001201,Census Tract 12.01,0.12296925438337275,5,40.66057019758651,1,0
06073021305,Census Tract 213.05,15.104456557882102,6,0.39723375528323546,1,1
06073021101,Census Tract 211.01,234.7082103718494,37,0.15764254663857186,1,1
06073013322,Census Tract 133.22,0.5828357528813521,4,6.862996959649934,1,0
06073015706,Census Tract 157.06,0.10491656927859795,3,28.594148861594288,1,0
06073015705,Census Tract 157.05,0.15950412731788352,3,18.808290734829416,1,0
06073015408,Census Tract 154.08,1.0716444016058113,7,6.5320175139354175,1,0
06073013425,Census Tract 134.25,1.1443741441220658,0,0.0,0,0
06073021001,Census Tract 210.01,631.5057783371462,12,0.019002201423394545,1,1
06073013423,Census Tract 134.23,6.00038038275071,1,0.1666561011489704,1,0
06073013320,Census Tract 133.20,3.0868073478449745,0,0.0,0,0
06073013424,Census Tract 134.24,1.1163019578659856,14,12.541409518588992,1,0
06073016403,Census Tract 164.03,2.0740457534576087,5,2.4107472034619195,1,0
06073020812,Census Tract 208.12,2.492168177512315,9,3.6113132657779983,1,0
06073021102,Census Tract 211.02,217.51781999404983,16,0.07355719177600105,1,1
06073010016,Census Tract 100.16,7.399842137525572,7,0.9459661260207268,1,0
06073013316,Census Tract 133.16,1.0323061516305827,10,9.687048734723188,1,0
06073019111,Census Tract 191.11,11.21554232577643,16,1.4265917362932647,1,0
06073019110,Census Tract 191.10,20.676977187808546,18,0.8705334361259086,1,1
06073013315,Census Tract 133.15,0.4885046414266079,2,4.094126913839112,1,0
06073018615,Census Tract 186.15,0.4650410102656617,1,2.1503479863608908,1,0
06073020040,Census Tract 200.40,1.673449509511501,2,1.1951361475995907,1,0
06073013608,Census Tract 136.08,0.4761191154420415,4,8.401258992271913,1,0
06073013607,Census Tract 136.07,0.9792118643508106,8,8.169835651760378,1,0
06073008202,Census Tract 82.02,0.4373112525369576,0,0.0,0,0
06073013422,Census Tract 134.22,2.1892063485867874,0,0.0,0,0
06073017062,Census Tract 170.62,4.881287690814159,0,0.0,0,0
06073020310,Census Tract 203.10,2.1958069955875588,4,1.8216537282365617,1,0
06073017308,Census Tract 173.08,0.48614644858886125,10,20.569933255764862,1,0
06073020311,Census Tract 203.11,5.744546883825938,4,0.6963125344598026,1,0
06073019108,Census Tract 191.08,76.46032200988924,19,0.24849489906075173,1,1
06073013326,Census Tract 133.26,0.597533883093846,7,11.714816846462599,1,0
06073022101,Census Tract 221.01,4.83471319787166,20,4.136750036962773,1,0
06073010019,Census Tract 100.19,1.1743103694428845,1,0.8515636291915052,1,0
06073016703,Census Tract 167.03,0.5993411547749578,0,0.0,0,0
06073017066,Census Tract 170.66,10.182181653334538,0,0.0,0,0
06073016705,Census Tract 167.05,0.5781221525931117,14,24.216335487585688,1,0
06073020312,Census Tract 203.12,5.607232324378591,4,0.7133644137784662,1,0
06073020313,Census Tract 203.13,2.980422126113085,54,18.118238865185198,1,0
06073020034,Census Tract 200.34,0.5416442251220344,5,9.231151682404594,1,0
06073020111,Census Tract 201.11,5.481527041479792,0,0.0,0,0
06073020039,Census Tract 200.39,0.23366150834058408,0,0.0,0,0
06073020044,Census Tract 200.44,3.32668146183063,1,0.3005998655037182,1,0
06073019210,Census Tract 192.10,0.8113783875245213,15,18.487058850266298,1,0
06073020036,Census Tract 200.36,0.30788715551276086,5,16.239716111810218,1,0
06073019305,Census Tract 193.05,0.4967308864662617,4,8.052650054551586,1,0
06073019304,Census Tract 193.04,0.46725509238470375,3,6.42047577200083,1,0
06073019209,Census Tract 192.09,8.545678293783508,5,0.5850910633550545,1,0
06073020813,Census Tract 208.13,5.086048995440131,4,0.7864650937468707,1,0
06073016706,Census Tract 167.06,0.7122667293333211,3,4.211905282741465,1,0
06073016404,Census Tract 164.04,0.2459384451887325,6,24.396348425296484,1,0
06073009109,Census Tract 91.09,0.3294621869220188,3,9.105749063427657,1,0
06073007402,Census Tract 74.02,0.3547396408562883,10,28.189688572332937,1,0
06073016621,Census Tract 166.21,2.339285158354222,0,0.0,0,0
06073016620,Census Tract 166.20,0.35654051830006817,0,0.0,0,0
06073016813,Census Tract 168.13,3.5362121889856883,1,0.2827884602385344,1,0
06073016812,Census Tract 168.12,8.503177231152234,10,1.1760309973740177,1,0
06073016704,Census Tract 167.04,1.807918749314321,8,4.424977617514124,1,0
06073018805,Census Tract 188.05,6.741198564753206,0,0.0,0,0
06073016619,Census Tract 166.19,1.8337842220437524,1,0.5453204297316399,1,0
06073018804,Census Tract 188.04,8.952538908924291,11,1.2287017249413692,1,0
06073018525,Census Tract 185.25,0.8813489673658335,4,4.538497403537169,1,0
06073018524,Census Tract 185.24,0.7035729093604083,13,18.477118472082463,1,0
06073018522,Census Tract 185.22,2.743059828417882,45,16.405037736983925,1,0
06073017067,Census Tract 170.67,0.9481431491936976,6,6.328158364169386,1,0
06073019811,Census Tract 198.11,3.79877454068993,29,7.63404084379618,1,0
06073018620,Census Tract 186.20,0.2778457014289868,2,7.198239849361752,1,0
06073018619,Census Tract 186.19,9.249481034970206,4,0.43245669512450485,1,0
06073018617,Census Tract 186.17,0.6582601393631506,7,10.634093698537352,1,0
06073018618,Census Tract 186.18,0.31059980907037227,1,3.2195769952113236,1,0
06073018622,Census Tract 186.22,0.41533195273763057,12,28.892551899517642,1,0
06073018520,Census Tract 185.20,0.5295907068440264,10,18.882506567369152,1,0
06073018523,Census Tract 185.23,0.622647509771284,11,17.666496416312032,1,0
06073018521,Census Tract 185.21,1.2730416118346726,15,11.782804160173848,1,0
06073017071,Census Tract 170.71,2.473759281327406,20,8.084861025470557,1,0
06073008381,Census Tract 83.81,0.17860944507610768,0,0.0,0,0
06073017063,Census Tract 170.63,0.6736920524744593,0,0.0,0,0
06073017065,Census Tract 170.65,1.8055711096080809,0,0.0,0,0
06073017064,Census Tract 170.64,0.722880372212888,0,0.0,0,0
06073017061,Census Tract 170.61,6.94944104051809,3,0.431689395234634,1,0
06073017060,Census Tract 170.60,1.606284440920298,0,0.0,0,0
06073008376,Census Tract 83.76,0.48337672682098126,18,37.23803609325673,1,0
06073008375,Census Tract 83.75,0.39922237893920554,3,7.514608795156863,1,0
06073017058,Census Tract 170.58,0.6876908815787193,7,10.178992026083332,1,0
06073008372,Census Tract 83.72,2.8070427083502616,0,0.0,0,0
06073008374,Census Tract 83.74,1.2223481830849818,0,0.0,0,0
06073008369,Census Tract 83.69,0.5771274122120773,0,0.0,0,0
06073008370,Census Tract 83.70,0.38934135172585665,0,0.0,0,0
06073020041,Census Tract 200.41,0.30010458337891344,0,0.0,0,0
06073020037,Census Tract 200.37,0.8072759238240137,4,4.9549353349376,1,0
06073019810,Census Tract 198.10,3.887755842064286,9,2.3149601892749674,1,0
06073017406,Census Tract 174.06,1.4396903964671117,0,0.0,0,0
06073017405,Census Tract 174.05,0.49214532298492286,2,4.063840306090384,1,0
06073017307,Census Tract 173.07,0.6240718915910928,13,20.830933383101186,1,0
06073017408,Census Tract 174.08,0.5757161413913877,0,0.0,0,0
06073017407,Census Tract 174.07,0.8294289023404786,4,4.822595389083764,1,0
06073008378,Census Tract 83.78,0.08569195994151269,2,23.339412488231797,1,0
06073017050,Census Tract 170.50,1.9201772419847243,19,9.894919898311738,1,0
06073017813,Census Tract 178.13,2.6506735649465507,25,9.431564991860515,1,0
06073990100,Census Tract 9901,254.6356635229585,0,0.0,0,1
06073017054,Census Tract 170.54,2.5967558343611747,9,3.465863012959815,1,0
06073017053,Census Tract 170.53,2.0521556498471205,3,1.4618774166684145,1,0
06073010015,Census Tract 100.15,15.635527639946705,62,3.96532828489895,1,1
06073020810,Census Tract 208.10,15.06172628259589,1,0.06639345193489002,1,1
06073021900,Census Tract 219,3.668895789706762,35,9.53965498235026,1,0
06073020026,Census Tract 200.26,1.4768216789292516,4,2.708519286431482,1,0
06073020028,Census Tract 200.28,0.1764313060776964,2,11.335856682482671,1,0
06073013421,Census Tract 134.21,0.9561908740137331,6,6.274897787733776,1,0
06073020811,Census Tract 208.11,18.531312864225665,0,0.0,0,1
06073021206,Census Tract 212.06,16.543732682282144,4,0.24178340383146324,1,1
06073017051,Census Tract 170.51,0.959211102618286,5,5.212616895646723,1,0
06073017109,Census Tract 171.09,1.7047303764637063,16,9.38564844089328,1,0
06073019809,Census Tract 198.09,1.125177570835958,3,2.6662458244445193,1,0
06073020029,Census Tract 200.29,2.107583705473094,30,14.234310087943022,1,0
06073020309,Census Tract 203.09,1.0945811322929482,1,0.9135914830773504,1,0
06073021205,Census Tract 212.05,3.8350740134891623,23,5.9972766937748165,1,0
06073000400,Census Tract 4,0.4546201147293871,12,26.39566444864193,1,0
06073000500,Census Tract 5,0.428054740110715,3,7.008449431547142,1,0
06073000600,Census Tract 6,0.3601743123606285,10,27.76433425931661,1,0
06073003103,Census Tract 31.03,0.7875306362499606,17,21.58646180540999,1,0
06073003105,Census Tract 31.05,0.4673886796812745,21,44.930484868226785,1,0
06073002902,Census Tract 29.02,0.6063848309863613,11,18.14029546568161,1,0
06073002903,Census Tract 29.03,0.5434305347305118,8,14.721292766456736,1,0
06073019903,Census Tract 199.03,3.0796463688207076,7,2.272988246595507,1,0
06073017022,Census Tract 170.22,1.728467905857962,14,8.099658635576922,1,0
06073009901,Census Tract 99.01,2.8207775025011292,18,6.381219356734002,1,0
06073017045,Census Tract 170.45,0.7529367466357297,0,0.0,0,0
06073013503,Census Tract 135.03,1.0661046240410068,9,8.441948188805362,1,0
06073020017,Census Tract 200.17,1.8849999579162524,19,10.07957582184951,1,0
06073015403,Census Tract 154.03,1.1856293561419675,0,0.0,0,0
06073010103,Census Tract 101.03,2.6210123663707865,12,4.578383587184646,1,0
06073018504,Census Tract 185.04,2.4539442175975044,23,9.372666189827978,1,0
06073020801,Census Tract 208.01,52.27606154399873,4,0.07651685842158089,1,1
06073018608,Census Tract 186.08,1.5766531064878953,8,5.07403941112992,1,0
06073005900,Census Tract 59,0.1618707312024877,8,49.422152729962164,1,0
06073020500,Census Tract 205,0.8040733436877904,4,4.974670571287015,1,0
06073019001,Census Tract 190.01,63.71380980629815,0,0.0,0,1
06073009505,Census Tract 95.05,6.770901960511394,2,0.29538162148325414,1,0
06073003208,Census Tract 32.08,0.5253613056726513,11,20.937971413627515,1,0
06073013414,Census Tract 134.14,1.10776823707583,3,2.70814769695788,1,0
06073013415,Census Tract 134.15,0.44813660091139546,8,17.851699646335607,1,0
06073013416,Census Tract 134.16,0.8516407041855043,9,10.567836830447716,1,0
06073013417,Census Tract 134.17,0.7775685146594532,1,1.2860603035578977,1,0
06073013418,Census Tract 134.18,0.6997427548475312,2,2.858193223359326,1,0
06073018517,Census Tract 185.17,0.7494935014871009,11,14.676578220057207,1,0
06073018518,Census Tract 185.18,0.3823344198368446,11,28.77062443055502,1,0
06073018519,Census Tract 185.19,0.5998330257068607,13,21.672697972373932,1,0
06073018601,Census Tract 186.01,1.697499997904824,0,0.0,0,0
06073008303,Census Tract 83.03,1.7011773865730166,1,0.5878281758814566,1,0
06073006200,Census Tract 62,1.4012472339316078,15,10.704749052680109,1,0
06073012200,Census Tract 122,0.6842132946080338,12,17.53839057873679,1,0
06073020706,Census Tract 207.06,6.441915106942251,8,1.241866722425238,1,0
06073000700,Census Tract 7,0.3011789282973283,8,26.562283242147277,1,0
06073000800,Census Tract 8,0.24474466647757073,4,16.3435635087336,1,0
06073013505,Census Tract 135.05,1.0521316596711072,15,14.256770872847747,1,0
06073013506,Census Tract 135.06,2.630808704019787,7,2.6607787899227473,1,0
06073013604,Census Tract 136.04,1.3889571732507284,5,3.5998230156355024,1,0
06073013802,Census Tract 138.02,0.27330801223057155,4,14.635502147758002,1,0
06073018609,Census Tract 186.09,0.5080433465634748,7,13.778351881487383,1,0
06073001000,Census Tract 10,0.3278478444133464,15,45.75293159801347,1,0
06073001100,Census Tract 11,0.3613745578379404,8,22.137695713453148,1,0
06073001400,Census Tract 14,0.28816068794165284,7,24.292001972931747,1,0
06073001500,Census Tract 15,0.3062862364579888,2,6.529839613848683,1,0
06073013905,Census Tract 139.05,0.851276375840575,0,0.0,0,0
06073013907,Census Tract 139.07,0.5173811743019857,0,0.0,0,0
06073013908,Census Tract 139.08,0.4358913772366827,12,27.529794409041898,1,0
06073013909,Census Tract 139.09,0.4170172612993839,4,9.591929090744115,1,0
06073014001,Census Tract 140.01,0.7186475867333457,9,12.523523582553198,1,0
06073019206,Census Tract 192.06,0.558030128843283,9,16.128161428587592,1,0
06073019404,Census Tract 194.04,0.43141935764467554,5,11.589651487354184,1,0
06073019405,Census Tract 194.05,0.4292595608144919,11,25.625521256016338,1,0
06073019406,Census Tract 194.06,0.7687800660508525,5,6.5038106745984035,1,0
06073014002,Census Tract 140.02,0.8174815190394553,11,13.455961686968841,1,0
06073014101,Census Tract 141.01,0.5186575276288556,5,9.64027269180586,1,0
06073014102,Census Tract 141.02,0.4624580617377648,8,17.298865912162153,1,0
06073014200,Census Tract 142,0.8776866551242852,14,15.951022974158725,1,0
06073014601,Census Tract 146.01,0.5615878405249831,16,28.490645354861837,1,0
06073015704,Census Tract 157.04,0.36396407989337337,11,30.222762650705945,1,0
06073019501,Census Tract 195.01,0.3005617190572367,12,39.92524409841697,1,0
06073001600,Census Tract 16,0.26570752871923603,8,30.10829252208854,1,0
06073001700,Census Tract 17,0.2449251214759091,4,16.331521960247105,1,0
06073019502,Census Tract 195.02,0.2975513510749542,6,20.164586644705167,1,0
06073019804,Census Tract 198.04,0.983669029697027,6,6.099612592101246,1,0
06073019805,Census Tract 198.05,0.5611471714767157,16,28.513019067519092,1,0
06073021302,Census Tract 213.02,147.57523074988853,7,0.04743343421812869,1,1
06073009504,Census Tract 95.04,22.80760734602756,1,0.043845019989533086,1,1
06073019205,Census Tract 192.05,0.7511635517356196,13,17.306484013984075,1,0
06073017041,Census Tract 170.41,1.2000709004345052,14,11.665977397611318,1,0
06073017810,Census Tract 178.10,1.4826916805984842,4,2.6977962123490244,1,0
06073020903,Census Tract 209.03,499.6174467853298,12,0.024018376614369976,1,1
06073014300,Census Tract 143,0.4458337339131608,2,4.4859772777749445,1,0
06073014500,Census Tract 145,0.4528325604184299,3,6.624965301143355,1,0
06073014804,Census Tract 148.04,0.4917712493601864,7,14.234260358057274,1,0
06073010800,Census Tract 108,0.2553062046654703,4,15.667460981769834,1,0
06073008902,Census Tract 89.02,1.18735090671266,38,32.00401817623409,1,0
06073007100,Census Tract 71,1.1053752905575323,22,19.902742704609924,1,0
06073006802,Census Tract 68.02,0.39629910081435127,10,25.233466287082393,1,0
06073020023,Census Tract 200.23,1.3111202987624069,9,6.864358677457197,1,0
06073018803,Census Tract 188.03,18.828508490878836,5,0.2655547571610448,1,1
06073013701,Census Tract 137.01,0.8806979659347455,8,9.083704413361565,1,0
06073020904,Census Tract 209.04,57.80264687218026,8,0.13840196656894455,1,1
06073016806,Census Tract 168.06,0.589304205718915,6,10.181498692479835,1,0
06073019602,Census Tract 196.02,1.7055446041681919,12,7.035875796313459,1,0
06073019203,Census Tract 192.03,1.4697210978637303,6,4.082407205503904,1,0
06073021204,Census Tract 212.04,18.14930600921927,6,0.33059115301445635,1,1
06073003207,Census Tract 32.07,2.160203110981399,3,1.3887582999716515,1,0
06073019107,Census Tract 191.07,39.3944045889058,0,0.0,0,1
06073008347,Census Tract 83.47,0.8752489071069595,0,0.0,0,0
06073005000,Census Tract 50,0.936211685696681,27,28.839631477049956,1,0
06073014803,Census Tract 148.03,0.7197723060536451,7,9.725297765871929,1,0
06073003003,Census Tract 30.03,1.2638235878379047,2,1.5824993450403266,1,0
06073015802,Census Tract 158.02,0.3639745663687312,15,41.2116707759299,1,0
06073013702,Census Tract 137.02,0.9485912745579631,4,4.216779246534786,1,0
06073017106,Census Tract 171.06,11.70207763136583,11,0.9400040186467397,1,0
06073016902,Census Tract 169.02,48.11995909829642,0,0.0,0,1
06073017010,Census Tract 170.10,5.892209237006811,0,0.0,0,0
06073016811,Census Tract 168.11,1.2695597207516456,9,7.0890717883452785,1,0
06073008313,Census Tract 83.13,0.9172969886271065,2,2.1803189422799107,1,0
06073018700,Census Tract 187,215.86750499597278,81,0.37523016723388325,1,1
06073019701,Census Tract 197.01,1.1665912318264646,5,4.2859914112090385,1,0
06073020708,Census Tract 207.08,1.7510927933855691,8,4.568575708962157,1,0
06073020405,Census Tract 204.05,1.9798524139845035,4,2.0203526140364665,1,0
06073006801,Census Tract 68.01,0.25970528560814304,6,23.103110843316124,1,0
06073009802,Census Tract 98.02,0.7670696715270332,13,16.947613082029996,1,0
06073018801,Census Tract 188.01,4.86393904523724,7,1.439162772168041,1,0
06073013906,Census Tract 139.06,0.6887905454318048,7,10.162741121267393,1,0
06073002301,Census Tract 23.01,0.16344769787117736,5,30.59082547580934,1,0
06073002302,Census Tract 23.02,0.20418197063081947,9,44.078328621251586,1,0
06073002401,Census Tract 24.01,0.2526686219541904,6,23.74651808204273,1,0
06073002402,Census Tract 24.02,0.19378791658812855,11,56.76308509667862,1,0
06073002501,Census Tract 25.01,0.4854486548314657,5,10.299750447832348,1,0
06073002705,Census Tract 27.05,0.47387409571317274,7,14.771856202574472,1,0
06073002707,Census Tract 27.07,0.1480919659977815,4,27.01024308138311,1,0
06073002708,Census Tract 27.08,0.24704001933094924,8,32.3834171551077,1,0
06073002709,Census Tract 27.09,0.23970340177541108,5,20.8591115644021,1,0
06073003114,Census Tract 31.14,0.43859138491164334,7,15.960185814890524,1,0
06073003115,Census Tract 31.15,0.5918767480441451,10,16.895409446383844,1,0
06073001900,Census Tract 19,0.70961996599256,1,1.4092049941143912,1,0
06073002001,Census Tract 20.01,0.9517024757646378,5,5.253742768697528,1,0
06073009509,Census Tract 95.09,1.9693269964415594,3,1.523363060284451,1,0
06073010012,Census Tract 100.12,0.24310613285409577,7,28.794008270458434,1,0
06073011902,Census Tract 119.02,0.6580450320492056,17,25.834098233460743,1,0
06073012401,Census Tract 124.01,0.5830112517715036,9,15.43709486335492,1,0
06073013903,Census Tract 139.03,1.4544312445525935,6,4.125323917835454,1,0
06073014400,Census Tract 144,0.6562804279284774,23,35.045994092187954,1,0
06073015200,Census Tract 152,1.6571693042605553,0,0.0,0,0
06073015301,Census Tract 153.01,0.25231427017320174,4,15.853245229666124,1,0
06073015405,Census Tract 154.05,1.8145179376286162,4,2.204442247194083,1,0
06073016809,Census Tract 168.09,2.182240901233315,18,8.248401901837292,1,0
06073016901,Census Tract 169.01,16.70939512978868,0,0.0,0,1
06073017044,Census Tract 170.44,0.9323719259562392,0,0.0,0,0
06073017046,Census Tract 170.46,1.4578467581693613,2,1.371886303407793,1,0
06073017049,Census Tract 170.49,4.172646859996921,0,0.0,0,0
06073008310,Census Tract 83.10,1.9948237531760822,0,0.0,0,0
06073015100,Census Tract 151,0.8224901709009466,0,0.0,0,0
06073016608,Census Tract 166.08,0.9665009181301373,0,0.0,0,0
06073020021,Census Tract 200.21,1.1174561764763553,16,14.318234877409127,1,0
06073020024,Census Tract 200.24,0.6648093449587301,2,3.0083812978353297,1,0
06073020025,Census Tract 200.25,0.7571651206926756,7,9.245011172194786,1,0
06073020106,Census Tract 201.06,0.7039526991039725,8,11.364399923720464,1,0
06073009103,Census Tract 91.03,0.697832905241113,9,12.897070247626614,1,0
06073008328,Census Tract 83.28,2.7531193532886955,0,0.0,0,0
06073006500,Census Tract 65,1.4375024309008373,50,34.78254987622287,1,0
06073008305,Census Tract 83.05,1.7210979731293483,44,25.565075717332913,1,0
06073004501,Census Tract 45.01,0.12656334270300215,7,55.30827371102578,1,0
06073003204,Census Tract 32.04,1.347953671961187,11,8.160517849249,1,0
06073016609,Census Tract 166.09,1.8416382880341484,5,2.714973962306809,1,0
06073020108,Census Tract 201.08,0.3642489253074099,10,27.453752928880835,1,0
06073020109,Census Tract 201.09,0.5955099609483314,11,18.47156340169833,1,0
06073020202,Census Tract 202.02,0.43621831086290785,15,34.386451981641166,1,0
06073020206,Census Tract 202.06,0.32110362193074893,9,28.028335357553182,1,0
06073020207,Census Tract 202.07,0.3196580121520307,8,25.026746384805666,1,0
06073013504,Census Tract 135.04,0.8490593405907502,5,5.888869906926822,1,0
06073013605,Census Tract 136.05,2.2420383629201064,1,0.4460226981564964,1,0
06073020015,Census Tract 200.15,1.138975161600354,3,2.6339468156485104,1,0
06073009706,Census Tract 97.06,2.475940951773416,10,4.038868533127741,1,0
06073015406,Census Tract 154.06,2.3456457453960864,0,0.0,0,0
06073019702,Census Tract 197.02,1.5579315405972387,7,4.493137097228627,1,0
06073019601,Census Tract 196.01,1.3553310492768653,5,3.6891355825336856,1,0
06073017047,Census Tract 170.47,0.8219741486860727,0,0.0,0,0
06073009704,Census Tract 97.04,1.209802540218223,3,2.479743512076659,1,0
06073015501,Census Tract 155.01,12.715290034349003,16,1.2583275691531772,1,1
06073019303,Census Tract 193.03,3.2651043206169748,12,3.6752271356930115,1,0
06073019208,Census Tract 192.08,11.606697095875642,0,0.0,0,0
06073020807,Census Tract 208.07,37.00390574096995,7,0.1891692203790733,1,1
06073003401,Census Tract 34.01,1.0830472882170898,18,16.619772927580623,1,0
06073017033,Census Tract 170.33,3.560718496431026,2,0.5616843909465566,1,0
06073020305,Census Tract 203.05,1.3415224952256155,13,9.690482303700525,1,0
06073020902,Census Tract 209.02,166.3156083169021,4,0.024050659108183617,1,1
06073020710,Census Tract 207.10,9.884066127636256,8,0.8093834962952818,1,0
06073009502,Census Tract 95.02,1.3030033243465897,7,5.372204252441377,1,0
06073002601,Census Tract 26.01,0.3224308906442217,7,21.71007866527272,1,0
06073002602,Census Tract 26.02,0.2962641392223283,4,13.501465315713563,1,0
06073002702,Census Tract 27.02,0.5249372382187915,15,28.574844586941015,1,0
06073002710,Census Tract 27.10,0.2647565645703087,5,18.88527299829123,1,0
06073002801,Census Tract 28.01,1.1066653113700808,15,13.5542334668732,1,0
06073002905,Census Tract 29.05,0.4425741060916452,10,22.595086025953062,1,0
06073003201,Census Tract 32.01,0.6247145709063906,7,11.205117226325916,1,0
06073003202,Census Tract 32.02,0.5002270637937363,3,5.997276471304681,1,0
06073020019,Census Tract 200.19,1.3124566079555788,18,13.71473913186258,1,0
06073010005,Census Tract 100.05,0.5812550195397156,4,6.8816610016848045,1,0
06073015602,Census Tract 156.02,1.6554285952012004,0,0.0,0,0
06073019103,Census Tract 191.03,24.30285960607779,2,0.08229484235261884,1,1
06073013801,Census Tract 138.01,0.8841409446298996,8,9.04833109312542,1,0
06073008346,Census Tract 83.46,4.533528021325511,51,11.249516879590974,1,0
06073020105,Census Tract 201.05,1.0156875995810428,10,9.845547000992099,1,0
06073016807,Census Tract 168.07,2.0366075802040076,8,3.928100866244757,1,0
06073018904,Census Tract 189.04,1.1226227911549453,8,7.1261692378164385,1,0
06073009400,Census Tract 94,24.103194739619536,10,0.41488276172629257,1,1
06073008324,Census Tract 83.24,2.1298207437862504,1,0.46952308212674654,1,0
06073008312,Census Tract 83.12,4.557209368303091,41,8.996733897101294,1,0
06073017403,Census Tract 174.03,1.6380653716801217,9,5.494286220560863,1,0
06073016616,Census Tract 166.16,0.9445721080421051,1,1.0586804241687646,1,0
06073008311,Census Tract 83.11,0.9696818658870995,0,0.0,0,0
06073002002,Census Tract 20.02,0.4941285342414255,2,4.04752986603041,1,0
06073002100,Census Tract 21,0.3441413605648263,11,31.963609320152955,1,0
06073002201,Census Tract 22.01,0.13798156846192722,4,28.989379122065177,1,0
06073002202,Census Tract 22.02,0.1879885030516544,16,85.11158789111487,1,0
06073018511,Census Tract 185.11,0.6522090907049222,17,26.06526073045995,1,0
06073018516,Census Tract 185.16,0.8374487558692535,9,10.74692622912574,1,0
06073018903,Census Tract 189.03,2.7092047623773534,1,0.3691120043368336,1,0
06073018905,Census Tract 189.05,1.0926585039245684,5,4.575995136670052,1,0
06073018906,Census Tract 189.06,1.728591262201714,7,4.049540312429944,1,0
06073019105,Census Tract 191.05,17.56133407417482,4,0.22777312834577199,1,1
06073019301,Census Tract 193.01,1.3590003952495142,5,3.6791747945606694,1,0
06073019403,Census Tract 194.03,1.246295165612572,10,8.023781425072652,1,0
06073019902,Census Tract 199.02,1.0041735261250315,9,8.962594378214462,1,0
06073019904,Census Tract 199.04,1.617759514092047,12,7.417666158331878,1,0
06073019905,Census Tract 199.05,1.3569594291331883,9,6.6324753760317705,1,0
06073020107,Census Tract 201.07,0.8941605784706667,3,3.3551020613445846,1,0
06073020401,Census Tract 204.01,3.857151938327609,1,0.25925864886556216,1,0
06073020404,Census Tract 204.04,1.4606011186596726,6,4.107897716459322,1,0
06073020705,Census Tract 207.05,1.301508021385592,1,0.768339482791197,1,0
06073020805,Census Tract 208.05,2.791576643340225,5,1.7911025340924598,1,0
06073020806,Census Tract 208.06,2.681126890827012,17,6.340617468782402,1,0
06073000100,Census Tract 1,0.5931544025205476,6,10.115410042484093,1,0
06073016610,Census Tract 166.10,0.5192508546854542,5,9.62925714013286,1,0
06073016613,Census Tract 166.13,0.32255491246155493,6,18.60148386583675,1,0
06073016614,Census Tract 166.14,0.8404155861851061,5,5.949437495199812,1,0
06073016615,Census Tract 166.15,0.9293359197167345,16,17.21659483997656,1,0
06073017020,Census Tract 170.20,11.105338805260093,0,0.0,0,0
06073003107,Census Tract 31.07,0.6070292064650435,7,11.531570351884053,1,0
06073003108,Census Tract 31.08,0.41853051112600964,3,7.167936196404976,1,0
06073017809,Census Tract 178.09,0.6012955202707665,13,21.61998478576064,1,0
06073018612,Census Tract 186.12,2.3379580903111528,12,5.132683964579943,1,0
06073019503,Census Tract 195.03,0.6911075720905597,7,10.128669229922357,1,0
06073020208,Census Tract 202.08,0.25591540077233427,3,11.722623925509039,1,0
06073020209,Census Tract 202.09,0.3387730339108332,11,32.4701168597004,1,0
06073020210,Census Tract 202.10,0.39482103210115344,9,22.795138222763658,1,0
06073020211,Census Tract 202.11,0.6145112388177186,18,29.291571680008456,1,0
06073017306,Census Tract 173.06,1.814948978716531,1,0.5509796758623845,1,0
06073008350,Census Tract 83.50,5.995448934051553,51,8.506452237520044,1,0
06073002803,Census Tract 28.03,0.4281126739532802,12,28.030004085582284,1,0
06073002804,Census Tract 28.04,0.568035779526801,11,19.364977342032027,1,0
06073003001,Census Tract 30.01,0.9184445867983624,17,18.5095543534759,1,0
06073003004,Census Tract 30.04,0.4734250041558403,12,25.347203664067315,1,0
06073003101,Census Tract 31.01,0.40549957184953306,15,36.991407738319346,1,0
06073016617,Census Tract 166.17,0.6815912773793346,6,8.802929554893268,1,0
06073016804,Census Tract 168.04,1.6710582192865202,7,4.188962370795639,1,0
06073016810,Census Tract 168.10,0.8901379440518786,0,0.0,0,0
06073017006,Census Tract 170.06,0.9934010031449518,2,2.0132856657767744,1,0
06073020601,Census Tract 206.01,0.5000368518426883,11,21.99837863842204,1,0
06073020602,Census Tract 206.02,0.7682126154021408,5,6.508614802404176,1,0
06073020707,Census Tract 207.07,0.45533063050181943,4,8.784825206227843,1,0
06073008339,Census Tract 83.39,4.578343311404207,40,8.736784744901916,1,0
06073013412,Census Tract 134.12,1.8131337857590428,9,4.963781531560992,1,0
06073020403,Census Tract 204.03,1.1273713141928403,0,0.0,0,0
06073021304,Census Tract 213.04,31.071247404997823,5,0.160920478499867,1,1
06073017009,Census Tract 170.09,1.3478919504532072,11,8.160891528658084,1,0
06073017014,Census Tract 170.14,0.7747758784939773,7,9.03487085014407,1,0
06073017018,Census Tract 170.18,0.7069328494181449,12,16.974738137967186,1,0
06073017021,Census Tract 170.21,12.521665466600101,3,0.23958474278059147,1,0
06073017031,Census Tract 170.31,0.40867150662488605,7,17.12867152841464,1,0
06073017034,Census Tract 170.34,1.030407762896886,1,0.9704895828701856,1,0
06073017035,Census Tract 170.35,0.9017913604291669,6,6.653423688983415,1,0
06073017036,Census Tract 170.36,0.38253305415678746,1,2.614153180054693,1,0
06073017037,Census Tract 170.37,1.2277247687864798,3,2.4435444134317583,1,0
06073017039,Census Tract 170.39,1.8504482227128685,12,6.484915304686169,1,0
06073017040,Census Tract 170.40,1.1398477225270731,14,12.28234238952693,1,0
06073017043,Census Tract 170.43,1.1721310050388496,1,0.8531469568684054,1,0
06073017501,Census Tract 175.01,0.7768845197782024,20,25.74385187351902,1,0
06073017502,Census Tract 175.02,0.7367281811775417,6,8.144116314934449,1,0
06073017603,Census Tract 176.03,0.6400778297488298,5,7.811550045346874,1,0
06073017701,Census Tract 177.01,1.128569184909424,9,7.974699398444338,1,0
06073017702,Census Tract 177.02,0.5760133036974537,4,6.9442840544199775,1,0
06073017808,Census Tract 178.08,2.1788142846326375,2,0.9179304606666893,1,0
06073017811,Census Tract 178.11,1.2833342221753108,3,2.3376607185888503,1,0
06073018000,Census Tract 180,0.6895283714767242,12,17.403199775957404,1,0
06073008365,Census Tract 83.65,0.8880116806098209,0,0.0,0,0
06073014805,Census Tract 148.05,0.5009978811966875,7,13.972114978370255,1,0
06073010011,Census Tract 100.11,0.3417376792197486,8,23.409768622135857,1,0
06073018400,Census Tract 184,0.5073124012082167,20,39.42343997972046,1,0
06073018509,Census Tract 185.09,0.7875222278317948,15,19.047081428162326,1,0
06073018512,Census Tract 185.12,0.8934035545845008,14,15.670410004705031,1,0
06073018515,Census Tract 185.15,1.589769247296346,21,13.209464226153463,1,0
06073004300,Census Tract 43,0.393163446131813,5,12.717357244660246,1,0
06073004400,Census Tract 44,0.3624669654334458,6,16.553232631351854,1,0
06073004600,Census Tract 46,0.14936945665373433,6,40.16885469369481,1,0
06073004700,Census Tract 47,0.1345556945193041,5,37.15933404277195,1,0
06073004800,Census Tract 48,0.21752871963861975,16,73.55350606844367,1,0
06073004900,Census Tract 49,0.30543683753933815,7,22.917995276514244,1,0
06073009102,Census Tract 91.02,0.3786288934592521,8,21.12886823535816,1,0
06073009104,Census Tract 91.04,0.6605575846048577,5,7.569362787637925,1,0
06073009107,Census Tract 91.07,0.31148158426919137,8,25.683701393679087,1,0
06073005500,Census Tract 55,0.17003345094792097,2,11.762391393282808,1,0
06073005700,Census Tract 57,0.10515819863065813,9,85.58533825413127,1,0
06073009201,Census Tract 92.01,0.6578325753377346,11,16.7215799466187,1,0
06073009301,Census Tract 93.01,0.6099163079245826,13,21.314399748116713,1,0
06073009506,Census Tract 95.06,0.5884006656610854,9,15.295699895050657,1,0
06073009602,Census Tract 96.02,0.7464968093094431,7,9.377133180884517,1,0
06073006000,Census Tract 60,0.38959121702962923,19,48.76906657409325,1,0
06073006100,Census Tract 61,0.34445565313107174,7,20.321919342506394,1,0
06073006300,Census Tract 63,0.6139492214906498,1,1.6287991986894792,1,0
06073009603,Census Tract 96.03,0.6682169483084563,14,20.951279424204973,1,0
06073009604,Census Tract 96.04,0.7057976205894316,21,29.753571544293823,1,0
06073009703,Census Tract 97.03,0.6392414947999968,8,12.51483213320344,1,0
06073009705,Census Tract 97.05,0.93234403772044,3,3.217696342366206,1,0
06073009801,Census Tract 98.01,0.8076413166892279,10,12.3817340610967,1,0
06073011802,Census Tract 118.02,0.36783608339008267,14,38.06043135021445,1,0
06073006600,Census Tract 66,0.19663434514118663,3,15.25674468438335,1,0
06073006900,Census Tract 69,0.7028814072116367,7,9.959005784161123,1,0
06073007002,Census Tract 70.02,0.5573188263790645,6,10.765830465448975,1,0
06073009804,Census Tract 98.04,0.7310001519224869,1,1.3679887717807713,1,0
06073009805,Census Tract 98.05,2.886236615241202,0,0.0,0,0
06073010001,Census Tract 100.01,0.8122699384371714,9,11.080060425868075,1,0
06073010003,Census Tract 100.03,0.49363799626391186,5,10.128879944093422,1,0
06073010004,Census Tract 100.04,0.5449127683814942,6,11.01093670060488,1,0
06073012002,Census Tract 120.02,0.21935017269665655,8,36.47136403700648,1,0
06073012003,Census Tract 120.03,0.42329350568086177,14,33.07397777691201,1,0
06073012101,Census Tract 121.01,0.26744707239895904,7,26.17340297357185,1,0
06073007200,Census Tract 72,1.3573225430871985,7,5.1572119211095275,1,0
06073007302,Census Tract 73.02,0.32237471435921033,0,0.0,0,0
06073007501,Census Tract 75.01,0.39916450143395593,10,25.052327960217067,1,0
06073007502,Census Tract 75.02,0.33176273135851,4,12.0568093457053,1,0
06073010009,Census Tract 100.09,1.5581887181142688,12,7.701249444625993,1,0
06073010010,Census Tract 100.10,0.45172201257089273,9,19.92375786333315,1,0
06073010013,Census Tract 100.13,0.3461822163988665,24,69.32765134401798,1,0
06073010106,Census Tract 101.06,0.5164971245578395,29,56.14745682239023,1,0
06073010107,Census Tract 101.07,0.8982839964492392,22,24.491140983210414,1,0
06073012102,Census Tract 121.02,0.4350750764137019,5,11.492269429025225,1,0
06073012302,Census Tract 123.02,0.15735149135259843,11,69.90718616928031,1,0
06073012304,Census Tract 123.04,0.47583361312741623,8,16.812599571140012,1,0
06073012402,Census Tract 124.02,0.3463037215806609,12,34.651663416227436,1,0
06073008002,Census Tract 80.02,0.42146036277580506,0,0.0,0,0
06073010110,Census Tract 101.10,0.8440610037786771,10,11.847484903617369,1,0
06073010111,Census Tract 101.11,0.23382491835112035,9,38.49033740058987,1,0
06073010112,Census Tract 101.12,0.3096951108670977,8,25.831857589231085,1,0
06073010300,Census Tract 103,0.4324760591774926,10,23.122667226987236,1,0
06073010401,Census Tract 104.01,0.15679679299678656,2,12.75536292404264,1,0
06073012600,Census Tract 126,2.7632186373929,6,2.1713808378409776,1,0
06073012700,Census Tract 127,0.4397738606461847,17,38.65623112529002,1,0
06073012800,Census Tract 128,0.3996095229184829,12,30.02931439761485,1,0
06073012900,Census Tract 129,0.5299237512551153,6,11.322383617999956,1,0
06073013000,Census Tract 130,0.6283527589677019,10,15.91462734472375,1,0
06073008101,Census Tract 81.01,0.5691387810913174,13,22.84152904687437,1,0
06073008102,Census Tract 81.02,0.7352704161283743,12,16.320526076905104,1,0
06073008301,Census Tract 83.01,0.909152559675831,0,0.0,0,0
06073008306,Census Tract 83.06,1.0538547668475684,1,0.9488973542258902,1,0
06073010402,Census Tract 104.02,0.26515600218739266,8,30.170918003003347,1,0
06073010501,Census Tract 105.01,0.1838955864125161,7,38.06507886653431,1,0
06073010502,Census Tract 105.02,0.40895738756221295,9,22.007182835475415,1,0
06073010601,Census Tract 106.01,4.50126296023187,3,0.6664796139449413,1,0
06073013205,Census Tract 132.05,0.6880089212319405,14,20.34857335124633,1,0
06073013102,Census Tract 131.02,0.7672227051633544,15,19.55103765705976,1,0
06073013103,Census Tract 131.03,0.9614521274549681,6,6.240560323978299,1,0
06073013104,Census Tract 131.04,0.37758912721945004,3,7.945144030210483,1,0
06073013203,Census Tract 132.03,0.43089322136322705,15,34.81140861892454,1,0
06073013204,Census Tract 132.04,0.30978718872188654,11,35.50824695296009,1,0
06073010109,Census Tract 101.09,4.99024789594555,1,0.20039084647728117,1,0
06073008307,Census Tract 83.07,0.8395673055169651,13,15.484166563626756,1,0
06073008327,Census Tract 83.27,2.441642904037963,1,0.40956029988914866,1,0
06073008330,Census Tract 83.30,0.5920510777795688,0,0.0,0,0
06073010900,Census Tract 109,0.5248722811367962,4,7.620901586451828,1,0
06073011000,Census Tract 110,0.38666825678145783,17,43.965336439831624,1,0
06073011100,Census Tract 111,0.38484971734232193,9,23.385751877776602,1,0
06073013306,Census Tract 133.06,0.5000780151156536,9,17.9971918939859,1,0
06073013206,Census Tract 132.06,0.6135762984922223,22,35.85536151585698,1,0
06073013301,Census Tract 133.01,0.6470348994422735,7,10.818581819981905,1,0
06073013302,Census Tract 133.02,0.5404691587585068,12,22.202932036982073,1,0
06073013303,Census Tract 133.03,0.533758963984829,10,18.735048354680615,1,0
06073014602,Census Tract 146.02,1.054337284914652,7,6.639241635627679,1,0
06073011300,Census Tract 113,4.471520676788307,1,0.22363756589363581,1,0
06073008511,Census Tract 85.11,5.873690289384457,90,15.322564787363294,1,0
06073013601,Census Tract 136.01,1.2514922675509088,5,3.9952304378074053,1,0
06073017048,Census Tract 170.48,1.4602947086185711,9,6.1631394997753155,1,0
06073009507,Census Tract 95.07,1.570943446012253,0,0.0,0,0
06073007800,Census Tract 78,0.7713152268401938,17,22.040275374366715,1,0
06073008503,Census Tract 85.03,1.420529258029506,14,9.855481624799596,1,0
06073009902,Census Tract 99.02,5.327902635631766,0,0.0,0,0
06073020304,Census Tract 203.04,5.359422461091505,3,0.5597618067580022,1,0
06073015502,Census Tract 155.02,9.987437997898036,1,0.10012577802339907,1,0
06073021202,Census Tract 212.02,69.52042552385993,7,0.10068983248092386,1,1
06073016201,Census Tract 162.01,1.8355020746246447,3,1.6344301875079559,1,0
06073018510,Census Tract 185.10,0.771196559761166,20,25.933725646019294,1,0
06073019803,Census Tract 198.03,1.4665608287021212,24,16.364817285648865,1,0
06073015302,Census Tract 153.02,1.310564046646678,2,1.526060481452526,1,0
06073010104,Census Tract 101.04,0.6230457740509787,11,17.65520361125178,1,0
06073017601,Census Tract 176.01,3.3689804359661433,6,1.7809542424010376,1,0
06073016606,Census Tract 166.06,1.0619010539172253,9,8.475365917380044,1,0
06073019002,Census Tract 190.02,14.648422002859856,0,0.0,0,1
06073008501,Census Tract 85.01,1.1735440673841093,2,1.7042393682395787,1,0
06073003601,Census Tract 36.01,0.3470877268161571,7,20.16781193680095,1,0
06073013411,Census Tract 134.11,1.8427872731589943,3,1.6279686992070745,1,0
06073002703,Census Tract 27.03,0.757316443279212,24,31.690847614610075,1,0
06073003109,Census Tract 31.09,0.4223414199877508,5,11.838763056072064,1,0
06073003111,Census Tract 31.11,0.5550382991263112,14,25.2234846172552,1,0
06073003112,Census Tract 31.12,0.5831576094624862,18,30.866441092299453,1,0
06073003113,Census Tract 31.13,0.6129173481514827,7,11.420789476936045,1,0
06073007701,Census Tract 77.01,0.21955048915231143,8,36.438087798793575,1,0
06073007907,Census Tract 79.07,0.18138943211379038,12,66.15600401941875,1,0
06073021600,Census Tract 216,5.899464592520839,11,1.8645759843944931,1,0
06073021800,Census Tract 218,0.5535626580030866,6,10.838881404400196,1,0
06073022000,Census Tract 220,0.282014237824477,8,28.36736209389231,1,0
06073008003,Census Tract 80.03,0.2898196889033968,6,20.702527225470625,1,0
06073008006,Census Tract 80.06,0.5751232853721479,9,15.648818660117936,1,0
06073008361,Census Tract 83.61,0.2179969733418693,10,45.87219651126855,1,0
06073008362,Census Tract 83.62,0.34216503401784665,5,14.612831537132488,1,0
06073009305,Census Tract 93.05,0.6064682111455478,0,0.0,0,0
06073009306,Census Tract 93.06,1.098894092923917,7,6.370040611806848,1,0
06073018613,Census Tract 186.13,0.6497303958615026,8,12.312799356404577,1,0
06073009510,Census Tract 95.10,0.6370398296333022,9,14.12784504413272,1,0
06073012501,Census Tract 125.01,0.1780370568940023,8,44.93446555209543,1,0
06073012502,Census Tract 125.02,1.6772786130873745,16,9.539261918178713,1,0
06073013420,Census Tract 134.20,0.7464936055786441,5,6.697981017699747,1,0
06073019808,Census Tract 198.08,0.8334853221149692,1,1.1997811760649844,1,0
06073014901,Census Tract 149.01,0.662703160662324,1,1.508971224764602,1,0
06073016503,Census Tract 165.03,0.2610206092989229,7,26.817805761780072,1,0
06073016504,Census Tract 165.04,0.5047424156902797,15,29.718128561646996,1,0
06073007905,Census Tract 79.05,0.22058636334473972,8,36.26697443439572,1,0
06073007910,Census Tract 79.10,0.38574533768941677,13,33.70099060138729,1,0
06073014902,Census Tract 149.02,0.5988756281237387,14,23.37714099981264,1,0
06073000201,Census Tract 2.01,0.3336753409309894,7,20.978475605866656,1,0
06073002711,Census Tract 27.11,0.5608118975928543,5,8.915645373183517,1,0
06073003304,Census Tract 33.04,0.22739430954322307,8,35.1811794062479,1,0
06073007908,Census Tract 79.08,0.17729061970031718,5,28.202281702504845,1,0
06073014806,Census Tract 148.06,0.35041798604980867,7,19.976143573306807,1,0
06073008363,Census Tract 83.63,0.09822620561537437,3,30.541747807577327,1,0
06073008364,Census Tract 83.64,0.38194030174595467,3,7.854630648523266,1,0
06073008366,Census Tract 83.66,2.329699693226739,0,0.0,0,0
06073009511,Census Tract 95.11,0.5931214401947421,1,1.6859953666009202,1,0
06073007702,Census Tract 77.02,0.2387653159237286,7,29.317490997042828,1,0
06073020308,Census Tract 203.08,0.4678955611487434,10,21.37229080662514,1,0
06073017801,Census Tract 178.01,1.7225848922034557,29,16.83516448521992,1,0
06073012303,Census Tract 123.03,0.6045959513519525,5,8.269985911780209,1,0
06073004200,Census Tract 42,0.9625879222433633,0,0.0,0,0
06073002904,Census Tract 29.04,0.695934307583118,17,24.42759297071962,1,0
06073002502,Census Tract 25.02,0.7310086949584333,14,19.15161898422572,1,0
06073017052,Census Tract 170.52,0.8485405622105828,1,1.17849404558203,1,0
06073017055,Census Tract 170.55,0.795578581594109,4,5.027787439909655,1,0
06073017056,Census Tract 170.56,1.0746151482051962,7,6.513959915502103,1,0
06073020213,Census Tract 202.13,0.12985307568599141,4,30.80404510150175,1,0
06073020214,Census Tract 202.14,0.6761992544919894,23,34.013642942093,1,0
06073000202,Census Tract 2.02,0.5042545321430546,11,21.814380037895926,1,0
06073002712,Census Tract 27.12,0.8473173292615311,21,24.784103044726216,1,0
06073003305,Census Tract 33.05,0.5000860020208387,20,39.993121021544994,1,0
06073016607,Census Tract 166.07,1.5834457386044705,0,0.0,0,0
